{
    "Ten": "Internet Tivi Sony 4K 43 inch",
    "Ma_so": "TIVI_4",
    "Ky_hieu": "KD-43X7000E",
    "Don_gia_Ban": 14500000,
    "Don_gia_Nhap": 10500000,
    "So_luong_Ton": 65,
    "Danh_sach_Phieu_Ban": [
        {
            "Ngay": "04-01-2018",
            "So_luong": 1,
            "Don_gia": 14500000,
            "Tien": 14500000,
            "Nhan_vien": {
                "Ho_ten": "Tô thị bé Bé",
                "Ma_so": "NV_2"
            }
        }
    ],
    "Danh_sach_Phieu_Nhap": [],
    "Nhom_Tivi": {
        "Ten": "Sony",
        "Ma_so": "SONY"
    }
}