{
    "Ten": "Smart Tivi Cong Samsung 49 inch",
    "Ma_so": "TIVI_1",
    "Ky_hieu": "UA49MU6500",
    "Don_gia_Ban": 29900000,
    "Don_gia_Nhap": 18100000,
    "So_luong_Ton": 80,
    "Danh_sach_Phieu_Ban": [
        {
            "Ngay": "20-03-2018",
            "So_luong": 1,
            "Don_gia": 29900000,
            "Tien": 29900000,
            "Nhan_vien": {
                "Ho_ten": "Nguyên văn bé Xíu",
                "Ma_so": "NV_3"
            }
        }
    ],
    "Danh_sach_Phieu_Nhap": [
        {
            "Ngay": "02-01-2018",
            "So_luong": 2,
            "Don_gia": 18000000,
            "Tien": 36000000,
            "Nhan_vien": {
                "Ho_ten": "Nguyễn thị bé Nhỏ",
                "Ma_so": "NV_1"
            }
        }
    ],
    "Nhom_Tivi": {
        "Ten": "Samsung",
        "Ma_so": "SAMSUNG"
    }
}