{
    "Ten": "Smart Tivi OLED SONY 55 Inch",
    "Ma_so": "TIVI_16",
    "Ky_hieu": "KD_55A1",
    "Don_gia_Ban": 9170000,
    "Don_gia_Nhap": 7870000,
    "So_luong_Ton": 28,
    "Danh_sach_Phieu_Ban": [
        {
            "Ngay": "02-01-2018",
            "So_luong": 2,
            "Don_gia": 9170000,
            "Tien": 18340000,
            "Nhan_vien": {
                "Ho_ten": "Tô thị bé Bé",
                "Ma_so": "NV_2"
            }
        }
    ],
    "Danh_sach_Phieu_Nhap": [],
    "Nhom_Tivi": {
        "Ten": "Sony",
        "Ma_so": "SONY"
    }
}