<?xml version="1.0" encoding="utf-8"?>
<DANH_SACH shelf="Danh sách phim">
  <PHIM Nam_san_xuat="1982" Ten="Tiếng chim hót trong bụi mận gai">
    <The_loai>Tình cảm</The_loai>
    <Dinh_dang>DVD</Dinh_dang>
  </PHIM>
  <PHIM Nam_san_xuat="1981" Ten="Chiến tranh và Hòa bình">
    <The_loai>Tình cảm, Chiến tranh</The_loai>
    <Dinh_dang>DVD</Dinh_dang>
  </PHIM>
  <PHIM Nam_san_xuat="1990" Ten="Người đẹp và Quái vật">
    <The_loai>Tình cảm, Hoạt hình</The_loai>
    <Dinh_dang>VHS</Dinh_dang>
  </PHIM>
</DANH_SACH>
